Customer,Gender
Devon Q. White,Female
Robin B. Lee,Female
Skyler X. Jones,Female
Dakota A. Lewis,Male
Marley J. Green,Male
Casey G. Taylor,Male
Sam N. Martinez,Female
Alex P. Robinson,Male
Sam L. Lee,Female
Harper N. Young,Male
Leslie Y. Miller,Female
Casey U. Harris,Female
Charlie N. Johnson,Female
Logan T. Walker,Female
Avery D. Williams,Female
Alex S. White,Male
Dakota W. Green,Male
Marley Z. Johnson,Female
Marley K. Jones,Male
Sam C. Torres,Female
Chris I. Jones,Male
Robin V. Hill,Female
Jordan W. Thompson,Male
Casey W. Young,Female
Jordan Y. Nguyen,Female
Skyler T. Perez,Male
Terry T. Harris,Female
Terry Z. Lewis,Female
Riley A. Davis,Female
Alex S. Hernandez,Male
Cameron E. Martin,Female
Ellis T. Davis,Female
Pat W. Green,Female
Cameron O. Garcia,Male
Casey O. Jackson,Female
Casey Y. Flores,Female
Jordan O. Robinson,Female
Harper R. Walker,Female
Pat S. Martin,Male
Dakota L. Clark,Female
Dale G. Ramirez,Female
Dale T. Miller,Male
Darcy K. Wright,Male
Pat V. Sanchez,Male
Terry Z. Harris,Female
Charlie L. Martinez,Female
Blake P. Lewis,Female
Jamie Z. Jones,Female
Sam Y. Flores,Female
Marley L. Johnson,Male
Terry I. Jones,Female
Kelly O. Scott,Female
Terry N. Hernandez,Female
Jamie J. Brown,Female
Drew K. Garcia,Male
Dale L. Walker,Female
Chris V. Jones,Male
Robin L. Allen,Female
Jordan Q. Flores,Male
Robin J. Jackson,Female
Marley I. Jackson,Female
River C. Hernandez,Male
Riley H. Thompson,Female
Chris I. Smith,Female
Reese H. Perez,Female
Shannon T. Young,Male
Darcy W. Rodriguez,Male
Dale A. Williams,Female
Peyton U. Miller,Female
Devon A. Torres,Female
Quinn R. Ramirez,Female
Harper N. Brown,Unknown
Robin H. Nguyen,Male
Riley I. Hill,Female
Drew E. Anderson,Female
Leslie F. Garcia,Male
Casey D. Allen,Male
Charlie X. Rodriguez,Female
Alex E. Lewis,Female
Jordan E. Perez,Male
Peyton U. Scott,Female
Sawyer L. Walker,Male
Peyton U. Wilson,Male
Robin H. Allen,Female
Dale C. White,Male
Jules A. Martinez,Female
Blake K. Harris,Male
Jordan C. Walker,Female
Skyler D. Flores,Female
River E. Robinson,Female
Peyton O. Thompson,Male
Ellis V. Flores,Male
Avery X. Lopez,Male
Marley E. Wright,Female
Darcy J. Harris,Female
Quinn J. Green,Female
Dale W. Brown,Male
Kelly J. Lopez,Female
Adrian J. Thomas,Female
Cameron K. Brown,Male
Taylor U. Allen,Male
Morgan X. Anderson,Female
Reese E. Torres,Male
Shannon O. Smith,Female
Avery X. Anderson,Female
Skyler V. Jones,Male
Sawyer R. Jackson,Male
Francis X. Thomas,Male
Shannon R. Perez,Male
Sawyer B. Davis,Male
Dale P. Moore,Female
Kelly U. Jackson,Female
Pat E. Ramirez,Female
Cameron X. Green,Male
Riley L. Jackson,Female
Skyler J. Hill,Male
Drew V. Wright,Female
Quinn V. Robinson,Female
Riley F. Torres,Female
Jamie Y. Clark,Male
Blake S. Martinez,Female
Chris N. Garcia,Female
Casey Y. Thompson,Male
Riley F. Lewis,Male
Blake Y. Nguyen,Female
River O. Nguyen,Female
Jordan A. Garcia,Female
Avery O. Garcia,Male
Devon L. Hernandez,Female
Robin R. Jackson,Male
Marley A. Nguyen,Female
Sam M. Jones,Male
Taylor P. Wright,Female
Sam S. Wilson,Male
Ellis P. Anderson,Female
Shannon V. Harris,Female
Dakota D. Hill,Female
Taylor J. Jackson,Female
Quinn T. Johnson,Female
Jordan F. Nguyen,Female
Devon I. Thompson,Male
Adrian C. Brown,Male
Kris U. Ramirez,Male
Dakota S. King,Female
Chris O. Williams,Male
Pat R. Smith,Female
Marley T. Moore,Male
Harper E. Ramirez,Male
Sam K. Torres,Female
Jordan O. Robinson,Male
Kris P. Perez,Male
Dale Q. Green,Female
Darcy D. Ramirez,Male
Terry Z. Brown,Male
Morgan K. Wilson,Male
Quinn P. Perez,Male
Jamie P. Allen,Male
Alex F. King,Male
Shannon Z. Nguyen,Male
Kelly C. Flores,Male
Sawyer O. Moore,Female
Sam O. Nguyen,Female
Leslie Y. Lee,Male
Pat U. Nguyen,Male
Harper I. Miller,Male
Bailey Q. Robinson,Male
Morgan M. Lee,Female
Kelly X. Smith,Female
Alex S. Rodriguez,Female
Avery A. Flores,Female
Robin J. King,Male
Chris R. Thompson,Male
Cameron K. Anderson,Male
Drew H. Martin,Male
Marley R. Allen,Female
Sam I. Robinson,Male
Quinn X. Moore,Female
Quinn G. Rodriguez,Female
Jordan A. Walker,Male
Sam F. White,Male
Jordan P. Jones,Female
Bailey J. Martin,Female
Skyler P. Wilson,Female
Casey C. Walker,Female
Jamie J. Scott,Female
Kelly W. White,Male
Terry E. Taylor,Male
Skyler I. Robinson,Female
Devon Q. Allen,Female
Ellis L. Scott,Female
Quinn L. Davis,Female
Dale I. Perez,Male
Drew Z. Scott,Female
Avery B. Perez,Male
Jamie I. Martin,Female
Kris M. Johnson,Female
Casey O. King,Female
Quinn K. Harris,Male
