Customer,ClaimID
Devon Q. White,C0001
Robin B. Lee,C0002
Skyler X. Jones,C0003
Dakota A. Lewis,C0004
Marley J. Green,C0006
Casey G. Taylor,C0007
Sam N. Martinez,C0008
Alex P. Robinson,C0009
Sam L. Lee,C0010
Harper N. Young,C0011
Leslie Y. Miller,C0012
Casey U. Harris,C0013
Charlie N. Johnson,C0014
Logan T. Walker,C0015
Avery D. Williams,C0016
Alex S. White,C0017
Dakota W. Green,C0018
Marley Z. Johnson,C0019
Marley K. Jones,C0020
Sam C. Torres,C0021
Chris I. Jones,C0022
Robin V. Hill,C0023
Jordan W. Thompson,C0024
Casey W. Young,C0025
Jordan Y. Nguyen,C0026
Skyler T. Perez,C0027
Terry T. Harris,C0028
Terry Z. Lewis,C0029
Riley A. Davis,C0030
Alex S. Hernandez,C0031
Cameron E. Martin,C0032
Ellis T. Davis,C0033
Pat W. Green,C0034
Cameron O. Garcia,C0035
Casey O. Jackson,C0036
Casey Y. Flores,C0037
Jordan O. Robinson,C0038
Harper R. Walker,C0040
Pat S. Martin,C0041
Dakota L. Clark,C0042
Dale G. Ramirez,C0043
Dale T. Miller,C0044
Darcy K. Wright,C0045
Charlie N. Johnson,C0046
Pat V. Sanchez,C0047
Terry Z. Harris,C0048
Charlie L. Martinez,C0049
Blake P. Lewis,C0050
Jamie Z. Jones,C0051
Sam Y. Flores,C0052
Marley L. Johnson,C0053
Terry I. Jones,C0054
Kelly O. Scott,C0055
Terry N. Hernandez,C0056
Jamie J. Brown,C0057
Drew K. Garcia,C0058
Dale L. Walker,C0059
Chris V. Jones,C0060
Robin L. Allen,C0061
Jordan Q. Flores,C0062
Robin J. Jackson,C0063
Marley I. Jackson,C0064
River C. Hernandez,C0065
Riley H. Thompson,C0066
Chris I. Smith,C0067
Reese H. Perez,C0068
Shannon T. Young,C0069
Darcy W. Rodriguez,C0070
Dale A. Williams,C0071
Peyton U. Miller,C0072
Devon A. Torres,C0073
Quinn R. Ramirez,C0074
Harper N. Brown,C0075
Robin H. Nguyen,C0076
Riley I. Hill,C0078
Drew E. Anderson,C0079
Leslie F. Garcia,C0080
Casey D. Allen,C0081
Charlie X. Rodriguez,C0082
Alex E. Lewis,C0083
Jordan E. Perez,C0084
Peyton U. Scott,C0085
Sawyer L. Walker,C0086
Peyton U. Wilson,C0087
Robin H. Allen,C0088
Dale C. White,C0089
Jules A. Martinez,C0091
Blake K. Harris,C0092
Jordan C. Walker,C0093
Skyler D. Flores,C0094
River E. Robinson,C0095
Peyton O. Thompson,C0096
Ellis V. Flores,C0097
Avery X. Lopez,C0098
Marley E. Wright,C0100
Darcy J. Harris,C0102
Quinn J. Green,C0103
Dale W. Brown,C0104
Kelly J. Lopez,C0105
Adrian J. Thomas,C0106
Cameron K. Brown,C0107
Taylor U. Allen,C0108
Morgan X. Anderson,C0109
Reese E. Torres,C0110
Shannon O. Smith,C0111
Avery X. Anderson,C0112
Skyler V. Jones,C0113
Sawyer R. Jackson,C0114
Francis X. Thomas,C0115
Shannon R. Perez,C0116
Sawyer B. Davis,C0117
Dale P. Moore,C0118
Kelly U. Jackson,C0119
Pat E. Ramirez,C0120
Cameron X. Green,C0121
Riley L. Jackson,C0123
Skyler J. Hill,C0124
Drew V. Wright,C0125
Quinn V. Robinson,C0126
Riley F. Torres,C0127
Jamie Y. Clark,C0128
Blake S. Martinez,C0129
Chris N. Garcia,C0130
Casey Y. Thompson,C0131
Riley F. Lewis,C0132
Blake Y. Nguyen,C0133
River O. Nguyen,C0134
Jordan A. Garcia,C0135
Avery O. Garcia,C0136
Devon L. Hernandez,C0138
Robin R. Jackson,C0139
Marley A. Nguyen,C0140
Sam M. Jones,C0141
Taylor P. Wright,C0142
Sam S. Wilson,C0143
Ellis P. Anderson,C0144
Shannon V. Harris,C0145
Dakota D. Hill,C0146
Taylor J. Jackson,C0147
Quinn T. Johnson,C0148
Jordan F. Nguyen,C0149
Devon I. Thompson,C0150
Adrian C. Brown,C0151
Kris U. Ramirez,C0152
Dakota S. King,C0154
Chris O. Williams,C0155
Pat R. Smith,C0156
Marley T. Moore,C0157
Harper E. Ramirez,C0158
Sam K. Torres,C0159
Jordan O. Robinson,C0160
Kris P. Perez,C0161
Dale Q. Green,C0162
Darcy D. Ramirez,C0163
Terry Z. Brown,C0164
Morgan K. Wilson,C0165
Quinn P. Perez,C0166
Jamie P. Allen,C0167
Alex F. King,C0168
Shannon Z. Nguyen,C0169
Kelly C. Flores,C0170
Sawyer O. Moore,C0172
Sam O. Nguyen,C0173
Leslie Y. Lee,C0174
Pat U. Nguyen,C0175
Harper I. Miller,C0176
Bailey Q. Robinson,C0177
Morgan M. Lee,C0178
Kelly X. Smith,C0179
Alex S. Rodriguez,C0180
Avery A. Flores,C0181
Robin J. King,C0182
Chris R. Thompson,C0183
Cameron K. Anderson,C0184
Drew H. Martin,C0185
Marley R. Allen,C0186
Sam I. Robinson,C0187
Quinn X. Moore,C0188
Quinn G. Rodriguez,C0189
Jordan A. Walker,C0190
Sam F. White,C0191
Jordan P. Jones,C0192
Bailey J. Martin,C0193
Skyler P. Wilson,C0194
Casey C. Walker,C0195
Jamie J. Scott,C0196
Kelly W. White,C0197
Terry E. Taylor,C0198
Jordan A. Garcia,C0199
Skyler I. Robinson,C0200
Devon Q. Allen,C0201
Ellis L. Scott,C0202
Quinn L. Davis,C0203
Dale I. Perez,C0204
Quinn L. Davis,C0205
Drew Z. Scott,C0206
Avery B. Perez,C0207
Avery B. Perez,C0208
Jamie I. Martin,C0209
Kris M. Johnson,C0210
Casey O. King,C0211
Casey O. King,C0212
Quinn K. Harris,C0213
