Customer,Email
Devon Q. White,839cb61c42@GMAIL.COM
Robin B. Lee,9656eb1f3a@GMAIL.COM
Skyler X. Jones,d55272309d@GMAIL.COM
Dakota A. Lewis,39f44733fa@GMAIL.COM
Marley J. Green,acf01ccb01@GMAIL.COM
Casey G. Taylor,bf241427ba@GMAIL.COM
Sam N. Martinez,c48387104b@GMAIL.COM
Alex P. Robinson,91b6e66417@GMAIL.COM
Sam L. Lee,cec8b80523@GMAIL.COM
Harper N. Young,2cfd069852@GMAIL.COM
Leslie Y. Miller,662b0d61ad@GMAIL.COM
Casey U. Harris,e7dc691cbe@GMAIL.COM
Charlie N. Johnson,88beee69d6@ICLOUD.COM
Logan T. Walker,c4aad828c9@GMAIL.COM
Avery D. Williams,e68c82edbe@GMAIL.COM
Alex S. White,98e3cd1938@GMAIL.COM
Dakota W. Green,42232adff3@GMAIL.COM
Marley Z. Johnson,b907ed871a@GMAIL.COM
Marley K. Jones,bc9573f23f@GMAIL.COM
Sam C. Torres,1e6d2a810b@GMAIL.COM
Chris I. Jones,6073a2a4c7@GMAIL.COM
Robin V. Hill,a30f29ff42@GMAIL.COM
Jordan W. Thompson,d21dd346b6@GMAIL.COM
Casey W. Young,9944cf9d47@GMAIL.COM
Jordan Y. Nguyen,8da5de652d@GMAIL.COM
Skyler T. Perez,513c4c6b2b@GMAIL.COM
Terry T. Harris,d44410bd96@GMAIL.COM
Terry Z. Lewis,db0c52ef96@GMAIL.COM
Riley A. Davis,480e3f94b0@GMAIL.COM
Alex S. Hernandez,f1cfc52ff1@GMAIL.COM
Cameron E. Martin,feb232b246@ICLOUD.COM
Ellis T. Davis,99f8caf86f@GMAIL.COM
Pat W. Green,de39788fdd@GMAIL.COM
Cameron O. Garcia,5c668a8b70@GMAIL.COM
Casey O. Jackson,3f8458a646@GMAIL.COM
Casey Y. Flores,d44410bd96@GMAIL.COM
Jordan O. Robinson,e318973b48@GMAIL.COM
Harper R. Walker,03b783c870@GMAIL.COM
Pat S. Martin,03b783c870@GMAIL.COM
Dakota L. Clark,eb3c7f8f3e@GMAIL.COM
Dale G. Ramirez,94384138cc@GMAIL.COM
Dale T. Miller,e0bad0bcf1@GMAIL.COM
Darcy K. Wright,9c0507cfa8@GMAIL.COM
Charlie N. Johnson,880533d300@GMAIL.COM
Pat V. Sanchez,e109828d30@GMAIL.COM
Terry Z. Harris,c13fca8ec0@GMAIL.COM
Charlie L. Martinez,d44410bd96@GMAIL.COM
Blake P. Lewis,dce9296576@GMAIL.COM
Jamie Z. Jones,4bd847f30c@GMAIL.COM
Sam Y. Flores,f2faa20c8b@GMAIL.COM
Marley L. Johnson,df0d6535d2@GMAIL.COM
Terry I. Jones,28d8ce8b13@GMAIL.COM
Kelly O. Scott,077eabd1f2@GMAIL.COM
Terry N. Hernandez,594982b22f@GMAIL.COM
Jamie J. Brown,e9c30f4d05@GMAIL.COM
Drew K. Garcia,a3b816e439@GMAIL.COM
Dale L. Walker,995ce8f44a@GMAIL.COM
Chris V. Jones,74f2b46402@GMAIL.COM
Robin L. Allen,b2b085f309@GMAIL.COM
Jordan Q. Flores,a8563a40d9@GMAIL.COM
Robin J. Jackson,a454e83cf0@GMAIL.COM
Marley I. Jackson,fdca5171e5@GMAIL.COM
River C. Hernandez,98867c6a9d@GMAIL.COM
Riley H. Thompson,27d59942e2@GMAIL.COM
Chris I. Smith,6856ff1626@GMAIL.COM
Reese H. Perez,619dbbeb31@GMAIL.COM
Shannon T. Young,3ceca609d7@GMAIL.COM
Darcy W. Rodriguez,0cb2df0a0a@GMAIL.COM
Dale A. Williams,3f0b8725d9@GMAIL.COM
Peyton U. Miller,8e06c52877@GMAIL.COM
Devon A. Torres,9b08b289c7@GMAIL.COM
Quinn R. Ramirez,3e47741d1e@GMAIL.COM
Harper N. Brown,7342bf8547@GMAIL.COM
Robin H. Nguyen,bd4fb89c1f@GMAIL.COM
Riley I. Hill,5ff0540598@GMAIL.COM
Drew E. Anderson,ad1cca7409@GMAIL.COM
Leslie F. Garcia,8ba1ec2439@GMAIL.COM
Casey D. Allen,ed402e05f1@GMAIL.COM
Charlie X. Rodriguez,84cc497892@GMAIL.COM
Alex E. Lewis,613cc6ee94@GMAIL.COM
Jordan E. Perez,3f7d112605@GMAIL.COM
Peyton U. Scott,64c2bbc41e@GMAIL.COM
Sawyer L. Walker,cd442430f0@GMAIL.COM
Peyton U. Wilson,d3199ae39e@GMAIL.COM
Robin H. Allen,e09e4b6a57@GMAIL.COM
Dale C. White,933bb220dc@GMAIL.COM
Jules A. Martinez,4674b599a0@GMAIL.COM
Blake K. Harris,a7e017f979@GMAIL.COM
Jordan C. Walker,98867c6a9d@GMAIL.COM
Skyler D. Flores,c70a90ce37@GMAIL.COM
River E. Robinson,357116c704@GMAIL.COM
Peyton O. Thompson,e935882770@GMAIL.COM
Ellis V. Flores,96df9b8d56@GMAIL.COM
Avery X. Lopez,5df729a8e8@GMAIL.COM
Marley E. Wright,f6099813b2@GMAIL.COM
Darcy J. Harris,4161fac1a3@GMAIL.COM
Quinn J. Green,42b585bae6@GMAIL.COM
Dale W. Brown,2d249b2eb2@GMAIL.COM
Kelly J. Lopez,a0c12b9558@GMAIL.COM
Adrian J. Thomas,03b783c870@GMAIL.COM
Cameron K. Brown,9402cc407e@GMAIL.COM
Taylor U. Allen,682dadbc41@GMAIL.COM
Morgan X. Anderson,05e84d238b@GMAIL.COM
Reese E. Torres,f0d1305858@GMAIL.COM
Shannon O. Smith,5ca7d61982@GMAIL.COM
Avery X. Anderson,d79e1bc91d@GMAIL.COM
Skyler V. Jones,8009adf7c3@GMAIL.COM
Sawyer R. Jackson,d8531e8069@GMAIL.COM
Francis X. Thomas,5ef8071413@GMAIL.COM
Shannon R. Perez,41462e7844@GMAIL.COM
Sawyer B. Davis,9366edc72f@GMAIL.COM
Dale P. Moore,4cb44f3498@GMAIL.COM
Kelly U. Jackson,477dced2bd@GMAIL.COM
Pat E. Ramirez,971964d7a4@GMAIL.COM
Cameron X. Green,dcee76602e@GMAIL.COM
Riley L. Jackson,afa4407610@GMAIL.COM
Skyler J. Hill,e733b9a7ef@GMAIL.COM
Drew V. Wright,700a211893@GMAIL.COM
Quinn V. Robinson,31f51549bd@GMAIL.COM
Riley F. Torres,561b8d545c@GMAIL.COM
Jamie Y. Clark,edc9d5abac@GMAIL.COM
Blake S. Martinez,a7bb560369@GMAIL.COM
Chris N. Garcia,813df0a536@GMAIL.COM
Casey Y. Thompson,52956a4fbd@GMAIL.COM
Riley F. Lewis,3606135fa2@GMAIL.COM
Blake Y. Nguyen,6f8f05edd6@GMAIL.COM
River O. Nguyen,a4eaa08d13@GMAIL.COM
Jordan A. Garcia,1b806c721f@GMAIL.COM
Avery O. Garcia,885c44c4dd@GMAIL.COM
Devon L. Hernandez,b892235a07@GMAIL.COM
Robin R. Jackson,0f9cec7107@GMAIL.COM
Marley A. Nguyen,3e47741d1e@GMAIL.COM
Sam M. Jones,c7b774aecc@GMAIL.COM
Taylor P. Wright,791c2eb338@GMAIL.COM
Sam S. Wilson,160e0f8a34@GMAIL.COM
Ellis P. Anderson,2643ef1e7c@GMAIL.COM
Shannon V. Harris,37d6155755@GMAIL.COM
Dakota D. Hill,2b8d85935d@GMAIL.COM
Taylor J. Jackson,f322a0e61e@GMAIL.COM
Quinn T. Johnson,694cd07ad6@GMAIL.COM
Jordan F. Nguyen,6efd19df73@GMAIL.COM
Devon I. Thompson,e08815055b@GMAIL.COM
Adrian C. Brown,a582c3b1bb@GMAIL.COM
Kris U. Ramirez,fdfe27b0cf@GMAIL.COM
Dakota S. King,493e784114@GMAIL.COM
Chris O. Williams,0aad059490@GMAIL.COM
Pat R. Smith,c80f527453@GMAIL.COM
Marley T. Moore,67aaa4082d@GMAIL.COM
Harper E. Ramirez,8289bfe6cf@GMAIL.COM
Sam K. Torres,61dddf65c7@GMAIL.COM
Jordan O. Robinson,0627cf822b@GMAIL.COM
Kris P. Perez,7db9bca18c@GMAIL.COM
Dale Q. Green,b16d9fad24@GMAIL.COM
Darcy D. Ramirez,32acf95da8@GMAIL.COM
Terry Z. Brown,c283b81e38@GMAIL.COM
Morgan K. Wilson,ff1b705cce@GMAIL.COM
Quinn P. Perez,eebd3bfdff@GMAIL.COM
Jamie P. Allen,049cc936d6@GMAIL.COM
Alex F. King,5348f3fb6e@GMAIL.COM
Shannon Z. Nguyen,7588036c6b@GMAIL.COM
Kelly C. Flores,d0ca00b534@GMAIL.COM
Sawyer O. Moore,a4a0851879@GMAIL.COM
Sam O. Nguyen,4ffb8a97ff@GMAIL.COM
Leslie Y. Lee,f5ca138ff2@GMAIL.COM
Pat U. Nguyen,1d319c0f07@GMAIL.COM
Harper I. Miller,60961b3105@GMAIL.COM
Bailey Q. Robinson,24ecd1fe6b@GMAIL.COM
Morgan M. Lee,c3f3bc79fc@GMAIL.COM
Kelly X. Smith,9f264db28a@GMAIL.COM
Alex S. Rodriguez,3d0d86ec43@GMAIL.COM
Avery A. Flores,2db1496d38@GMAIL.COM
Robin J. King,ed8a144ac2@GMAIL.COM
Chris R. Thompson,7bb1192810@GMAIL.COM
Cameron K. Anderson,d734b7b61b@GMAIL.COM
Drew H. Martin,c3d28e4206@GMAIL.COM
Marley R. Allen,7c1e7df6d0@GMAIL.COM
Sam I. Robinson,bcf993ad2c@GMAIL.COM
Quinn X. Moore,74f3abbe4d@GMAIL.COM
Quinn G. Rodriguez,56d6b6234a@GMAIL.COM
Jordan A. Walker,4936179e12@GMAIL.COM
Sam F. White,4611632bae@GMAIL.COM
Jordan P. Jones,e4df3a369c@GMAIL.COM
Bailey J. Martin,90f9c55424@GMAIL.COM
Skyler P. Wilson,149fa75993@GMAIL.COM
Casey C. Walker,09142523c7@GMAIL.COM
Jamie J. Scott,72a9b1d52f@GMAIL.COM
Kelly W. White,e56186a066@GMAIL.COM
Terry E. Taylor,ae403617a5@GMAIL.COM
Skyler I. Robinson,616464fa72@GMAIL.COM
Devon Q. Allen,1679d9a70f@GMAIL.COM
Ellis L. Scott,1679d9a70f@GMAIL.COM
Quinn L. Davis,4430f28549@GMAIL.COM
Dale I. Perez,4430f28549@GMAIL.COM
Drew Z. Scott,77deff4553@GMAIL.COM
Avery B. Perez,58622b72cb@GMAIL.COM
Jamie I. Martin,96723a92e8@GMAIL.COM
Kris M. Johnson,7295bd26cb@GMAIL.COM
Casey O. King,7295bd26cb@GMAIL.COM
Quinn K. Harris,e3038c83a4@GMAIL.COM
