Customer,PhoneNumber
Devon Q. White,(345) 551-5593
Robin B. Lee,(462) 538-4795
Skyler X. Jones,(305) 975-5370
Dakota A. Lewis,(586) 754-3207
Marley J. Green,(751) 914-5978
Casey G. Taylor,(746) 273-1448
Sam N. Martinez,(51) 353-3044
Alex P. Robinson,(713) 985-5228
Sam L. Lee,(70) 903-590
Harper N. Young,(875) 992-5211
Leslie Y. Miller,(11) 66-8246
Casey U. Harris,(615) 852-4191
Charlie N. Johnson,(470) 265-7865
Logan T. Walker,(711) 119-6185
Avery D. Williams,(511) 65-7139
Alex S. White,(262) 353-8022
Dakota W. Green,(638) 370-4080
Marley Z. Johnson,(632) 812-9077
Marley K. Jones,(35) 144-2753
Sam C. Torres,(244) 743-8450
Chris I. Jones,(58) 46-2494
Robin V. Hill,(614) 337-1703
Jordan W. Thompson,(187) 446-4624
Casey W. Young,(190) 86-2507
Jordan Y. Nguyen,(246) 646-3210
Skyler T. Perez,(42) 388-9895
Terry T. Harris,(851) 690-8548
Terry Z. Lewis,(212) 16-4331
Riley A. Davis,(833) 643-1747
Alex S. Hernandez,(161) 741-3961
Cameron E. Martin,(531) 664-570
Ellis T. Davis,(733) 195-1263
Pat W. Green,(510) 66-6888
Cameron O. Garcia,(191) 335-44
Casey O. Jackson,(401) 803-4324
Casey Y. Flores,(225) 836-7954
Jordan O. Robinson,(573) 281-2165
Harper R. Walker,(739) 980-7631
Pat S. Martin,(591) 388-2205
Dakota L. Clark,(241) 545-1088
Dale G. Ramirez,(355) 772-9238
Dale T. Miller,(497) 485-8010
Darcy K. Wright,(831) 470-2748
Pat V. Sanchez,(535) 47-122
Terry Z. Harris,(548) 837-7999
Charlie L. Martinez,(496) 770-8818
Blake P. Lewis,(232) 261-5232
Jamie Z. Jones,(143) 964-4201
Sam Y. Flores,(892) 733-1496
Marley L. Johnson,(134) 645-8677
Terry I. Jones,(618) 755-6302
Kelly O. Scott,(50) 762-4551
Terry N. Hernandez,(206) 574-293
Jamie J. Brown,(854) 924-6043
Drew K. Garcia,(389) 0-9014
Dale L. Walker,(577) 913-7852
Chris V. Jones,(65) 560-9503
Robin L. Allen,(359) 818-4955
Jordan Q. Flores,(300) 294-6517
Robin J. Jackson,(605) 73-3011
Marley I. Jackson,(680) 336-8559
River C. Hernandez,(56) 16-489
Riley H. Thompson,(968) 732-4818
Chris I. Smith,(596) 448-5684
Reese H. Perez,(400) 788-9034
Shannon T. Young,(369) 739-8275
Darcy W. Rodriguez,(985) 71-2371
Dale A. Williams,(825) 599-5939
Peyton U. Miller,(708) 830-2317
Devon A. Torres,(610) 493-6957
Quinn R. Ramirez,(121) 197-3801
Harper N. Brown,(70) 352-3373
Robin H. Nguyen,(477) 52-6312
Riley I. Hill,(442) 13-9067
Drew E. Anderson,(967) 567-3771
Leslie F. Garcia,(219) 614-309
Casey D. Allen,(673) 207-5402
Charlie X. Rodriguez,(93) 23-3253
Alex E. Lewis,(934) 214-7059
Jordan E. Perez,(577) 5-4912
Peyton U. Scott,(96) 756-6860
Sawyer L. Walker,(619) 368-8062
Peyton U. Wilson,(462) 449-2841
Robin H. Allen,(652) 588-6331
Dale C. White,(962) 742-691
Jules A. Martinez,(927) 817-7064
Blake K. Harris,(466) 649-7945
Jordan C. Walker,(575) 351-9790
Skyler D. Flores,(444) 624-7161
River E. Robinson,(417) 836-6742
Peyton O. Thompson,(944) 112-3740
Ellis V. Flores,(749) 898-1689
Avery X. Lopez,(261) 943-3320
Marley E. Wright,(325) 827-8076
Darcy J. Harris,(998) 81-8472
Quinn J. Green,(582) 281-2922
Dale W. Brown,(243) 21-8351
Kelly J. Lopez,(600) 198-6808
Adrian J. Thomas,(410) 327-5526
Cameron K. Brown,(90) 84-2170
Taylor U. Allen,(442) 966-7124
Morgan X. Anderson,(61) 149-9676
Reese E. Torres,(342) 332-7013
Shannon O. Smith,(864) 182-1730
Avery X. Anderson,(118) 884-8001
Skyler V. Jones,(972) 125-7961
Sawyer R. Jackson,(890) 662-7063
Francis X. Thomas,(604) 46-2863
Shannon R. Perez,(155) 692-6623
Sawyer B. Davis,(442) 261-2597
Dale P. Moore,(415) 877-3567
Kelly U. Jackson,(803) 754-5217
Pat E. Ramirez,(199) 169-7935
Cameron X. Green,(494) 12-3668
Riley L. Jackson,(232) 126-7160
Skyler J. Hill,(546) 613-9088
Drew V. Wright,(517) 609-3180
Quinn V. Robinson,(680) 930-59
Riley F. Torres,(11) 458-9563
Jamie Y. Clark,(894) 583-6324
Blake S. Martinez,(761) 715-914
Chris N. Garcia,(668) 484-2340
Casey Y. Thompson,(494) 967-4533
Riley F. Lewis,(76) 478-695
Blake Y. Nguyen,(431) 675-5289
River O. Nguyen,(262) 423-6679
Jordan A. Garcia,(327) 803-3669
Avery O. Garcia,(410) 463-4290
Devon L. Hernandez,(315) 111-8358
Robin R. Jackson,(847) 506-5535
Marley A. Nguyen,(532) 931-1894
Sam M. Jones,(531) 258-3926
Taylor P. Wright,(930) 47-1800
Sam S. Wilson,(624) 18-8910
Ellis P. Anderson,(786) 449-9916
Shannon V. Harris,(743) 486-6273
Dakota D. Hill,(974) 880-7361
Taylor J. Jackson,(203) 980-7982
Quinn T. Johnson,(551) 211-1908
Jordan F. Nguyen,(239) 509-5049
Devon I. Thompson,(248) 21-5673
Adrian C. Brown,(65) 75-9867
Kris U. Ramirez,(700) 13-7177
Dakota S. King,(605) 278-9162
Chris O. Williams,(490) 717-4060
Pat R. Smith,(674) 763-2290
Marley T. Moore,(100) 911-4769
Harper E. Ramirez,(407) 562-7431
Sam K. Torres,(531) 957-3062
Jordan O. Robinson,(545) 125-886
Kris P. Perez,(910) 436-3426
Dale Q. Green,(79) 302-3385
Darcy D. Ramirez,(588) 47-1315
Terry Z. Brown,(234) 272-9861
Morgan K. Wilson,(998) 518-1647
Quinn P. Perez,(473) 321-9335
Jamie P. Allen,(851) 300-3629
Alex F. King,(734) 408-8140
Shannon Z. Nguyen,(667) 738-1400
Kelly C. Flores,(439) 591-5531
Sawyer O. Moore,(205) 593-4062
Sam O. Nguyen,(218) 795-8858
Leslie Y. Lee,(579) 715-2208
Pat U. Nguyen,(413) 798-5946
Harper I. Miller,(585) 756-1428
Bailey Q. Robinson,(265) 745-2846
Morgan M. Lee,(988) 768-3718
Kelly X. Smith,(51) 202-2188
Alex S. Rodriguez,(746) 888-8596
Avery A. Flores,(955) 606-2725
Robin J. King,(484) 425-5211
Chris R. Thompson,(304) 627-4299
Cameron K. Anderson,(296) 802-459
Drew H. Martin,(544) 94-4538
Marley R. Allen,(464) 155-2797
Sam I. Robinson,(51) 80-6110
Quinn X. Moore,(259) 142-9558
Quinn G. Rodriguez,(111) 899-6863
Jordan A. Walker,(932) 110-455
Sam F. White,(653) 243-1221
Jordan P. Jones,(682) 894-7114
Bailey J. Martin,(393) 64-5385
Skyler P. Wilson,(18) 700-6401
Casey C. Walker,(752) 463-461
Jamie J. Scott,(492) 886-1893
Kelly W. White,(489) 402-325
Terry E. Taylor,(598) 444-8804
Skyler I. Robinson,(565) 734-2450
Devon Q. Allen,(600) 374-4723
Ellis L. Scott,(600) 374-4723
Quinn L. Davis,(363) 994-2758
Dale I. Perez,(363) 994-2758
Drew Z. Scott,(571) 264-2194
Avery B. Perez,(75) 177-2416
Jamie I. Martin,(387) 982-7445
Kris M. Johnson,(384) 476-3744
Casey O. King,(384) 476-3744
Quinn K. Harris,(175) 126-9611
