Agent,ClaimID
Robin Y. King,C0001
Robin Y. King,C0002
Dale P. Allen,C0003
Sawyer S. Rodriguez,C0004
Logan L. Green,C0006
Adrian W. Wright,C0007
Reese I. Scott,C0008
Alex C. King,C0009
Morgan B. King,C0010
Devon P. Martinez,C0011
Harper N. Miller,C0012
Peyton Z. Hernandez,C0013
Terry D. Walker,C0014
Taylor E. Thomas,C0015
Quinn L. Davis,C0016
Leslie Z. Davis,C0017
Quinn Y. Sanchez,C0018
Cameron J. Taylor,C0019
Leslie I. Anderson,C0020
Robin Y. King,C0021
Ellis N. Lewis,C0022
Dale P. Allen,C0023
Darcy Y. White,C0024
Jules C. Anderson,C0025
Skyler X. Nguyen,C0026
Drew Q. Harris,C0027
Jordan D. Lewis,C0028
Quinn J. Thompson,C0029
Morgan E. Garcia,C0030
Dakota D. Miller,C0031
Kris I. Ramirez,C0032
Jamie P. Harris,C0033
River D. Robinson,C0034
Chris W. Smith,C0035
Darcy T. Walker,C0036
Adrian W. Davis,C0037
Leslie Z. Davis,C0038
Shannon I. Jackson,C0040
Blake B. Martin,C0041
Devon Z. Ramirez,C0042
Drew V. Walker,C0043
Logan Y. Young,C0044
Casey R. Robinson,C0045
Avery H. Thompson,C0046
Skyler L. Torres,C0047
Bailey J. Smith,C0048
Robin Y. King,C0049
Casey R. Robinson,C0050
Jules O. Thomas,C0051
Terry T. Jackson,C0052
Jamie P. Anderson,C0053
Sam I. King,C0054
Pat D. Harris,C0055
Dakota P. Martin,C0056
Taylor X. Lee,C0057
Darcy O. Clark,C0058
Pat Z. Williams,C0059
Avery H. Rodriguez,C0060
Marley I. Allen,C0061
Casey Q. Harris,C0062
Sam G. Jones,C0063
Leslie A. Rodriguez,C0064
Adrian X. Young,C0065
Avery Y. Thomas,C0066
Jules P. Thomas,C0067
Marley Z. Walker,C0068
Jamie E. Martinez,C0069
Skyler S. Brown,C0070
Casey A. Anderson,C0071
Shannon O. Wilson,C0072
Reese Z. Scott,C0073
Morgan E. Torres,C0074
Skyler S. Brown,C0075
Taylor M. Smith,C0076
Leslie R. Davis,C0078
Drew N. Moore,C0079
Sam N. Nguyen,C0080
Taylor D. Johnson,C0081
Riley K. Garcia,C0082
Adrian L. Clark,C0083
River X. Scott,C0084
Sawyer E. Clark,C0085
Pat S. Lee,C0086
Charlie D. Davis,C0087
Marley B. Allen,C0088
Sam L. Jackson,C0089
Drew D. Moore,C0091
Casey Q. Walker,C0092
Logan Z. Ramirez,C0093
Casey C. Brown,C0094
Casey X. Garcia,C0095
Terry B. Torres,C0096
Morgan I. Scott,C0097
Jordan M. Lopez,C0098
Kris A. Wilson,C0100
Chris Y. Wright,C0102
Taylor Z. Martinez,C0103
Blake S. Harris,C0104
Reese Z. Scott,C0105
Blake V. Davis,C0106
Casey R. Robinson,C0107
Jamie L. Lee,C0108
Jamie W. Scott,C0109
Taylor T. Martin,C0110
Ellis Y. Lopez,C0111
Morgan F. Davis,C0112
Leslie N. Sanchez,C0113
Skyler Z. White,C0114
Cameron X. Wilson,C0115
Leslie N. Lee,C0116
Logan I. Taylor,C0117
Sawyer V. Hernandez,C0118
Leslie F. Scott,C0119
Dakota G. Williams,C0120
Logan W. Jones,C0121
River X. Scott,C0123
Reese X. King,C0124
Peyton R. Young,C0125
Dale W. Garcia,C0126
Taylor A. Moore,C0127
Ellis S. Perez,C0128
Quinn S. Thomas,C0129
Dakota J. Rodriguez,C0130
Pat J. Flores,C0131
Kris M. Young,C0132
Jamie O. Brown,C0133
Skyler O. Torres,C0134
Jordan I. Walker,C0135
Darcy U. Young,C0136
Jules P. Hernandez,C0138
Ellis D. Young,C0139
Sam V. Lewis,C0140
Skyler Y. Martinez,C0141
Cameron B. Harris,C0142
Riley T. Allen,C0143
Marley D. Flores,C0144
Francis G. Garcia,C0145
Skyler C. Davis,C0146
Shannon S. Lopez,C0147
Dale E. Green,C0148
Harper S. Wilson,C0149
Robin D. Williams,C0150
Drew L. Lewis,C0151
Cameron F. Clark,C0152
Pat C. Green,C0154
Alex C. Robinson,C0155
Blake A. Hernandez,C0156
Pat M. King,C0157
Avery Q. Lopez,C0158
Pat C. Jones,C0159
Quinn J. Green,C0160
Leslie J. Taylor,C0161
Casey N. Jones,C0162
Marley P. Rodriguez,C0163
Francis T. Martin,C0164
Terry D. Scott,C0165
Logan C. White,C0166
Terry P. Martin,C0167
Charlie N. Martin,C0168
Peyton B. Sanchez,C0169
River Y. Walker,C0170
Marley K. Lee,C0172
Marley B. Jackson,C0173
Logan C. White,C0174
Pat C. Jones,C0175
Marley L. Davis,C0176
Robin R. Thomas,C0177
Kris P. Lopez,C0178
Morgan G. Lopez,C0179
Avery G. Thomas,C0180
Darcy Y. Young,C0181
Leslie R. Walker,C0182
Devon A. Moore,C0183
Skyler U. King,C0184
Harper L. Taylor,C0185
Jordan P. Thompson,C0186
Sam Z. Hernandez,C0187
Ellis Q. Green,C0188
Peyton H. Jones,C0189
Devon G. Harris,C0190
Marley Z. Jackson,C0191
Casey G. Rodriguez,C0192
Cameron P. Martin,C0193
Kelly H. Jackson,C0194
Harper F. Jones,C0195
Cameron L. Clark,C0196
Taylor Q. Wilson,C0197
Dale U. Ramirez,C0198
Jordan I. Walker,C0199
Jules F. Lee,C0200
Avery H. Jackson,C0201
Avery H. Jackson,C0202
Avery H. Jackson,C0203
Avery H. Jackson,C0204
Avery H. Jackson,C0205
Avery H. Jackson,C0206
Avery H. Jackson,C0207
Avery H. Jackson,C0208
Avery H. Jackson,C0209
Avery H. Jackson,C0210
Avery H. Jackson,C0211
Avery H. Jackson,C0212
Avery H. Jackson,C0213
